{
  "editables": {
    "Box1": {
      "transform": [
        2.274693201075096,
        -1.1910037622321459,
        0,
        0,
        0.4638535094345906,
        0.8859119153647355,
        0,
        0,
        0,
        0,
        1.6302021879357254,
        0,
        -0.6772467167141119,
        0.7802281915442943,
        -0.8169618032109169,
        1
      ]
    },
    "Box2": {
      "transform": [
        1,
        0,
        0,
        0,
        0,
        1,
        0,
        0,
        0,
        0,
        1,
        0,
        -0.14168161917910504,
        0,
        0.888007840571476,
        1
      ]
    }
  }
}
