{
  "editables": {
    "Box1": {
      "transform": {
        "position": [
          1.328391640286096,
          -0.837100240611357,
          1.6894076820841715
        ],
        "rotation": [
          0,
          0,
          0,
          "XYZ"
        ],
        "scale": [
          1,
          1,
          1
        ]
      }
    },
    "Box2": {
      "transform": {
        "position": [
          -3.8427598435987615,
          -2.5616874467449438,
          0
        ],
        "rotation": [
          0,
          0,
          0,
          "XYZ"
        ],
        "scale": [
          1,
          1,
          1
        ]
      }
    }
  }
}
